# 词伴日用词（AI） / GPL-3.0-or-later; frequency 1000 is a project default, not measured usage
保鲜膜	bao xian mo	1000
保鲜盒	bao xian he	1000
垃圾袋	la ji dai	1000
垃圾桶	la ji tong	1000
柔顺剂	rou shun ji	1000
消毒液	xiao du ye	1000
湿巾	shi jin	1000
牙线	ya xian	1000
漱口水	shu kou shui	1000
沐浴露	mu yu lu	1000
护发素	hu fa su	1000
指甲剪	zhi jia jian	1000
充电宝	chong dian bao	1000
数据线	shu ju xian	1000
鼠标垫	shu biao dian	1000
路由器	lu you qi	1000
杯盖	bei gai	1000
烧水壶	shao shui hu	1000
空气炸锅	kong qi zha guo	1000
开瓶器	kai ping qi	1000
拧开	ning kai	1000
拧紧	ning jin	1000
收件人	shou jian ren	1000
寄件人	ji jian ren	1000
快递员	kuai di yuan	1000
收货	shou huo	1000
购物车	gou wu che	1000
优惠券	you hui quan	1000
退出登录	tui chu deng lu	1000
剪贴板	jian tie ban	1000
会议室	hui yi shi	1000
截止日期	jie zhi ri qi	1000
待办事项	dai ban shi xiang	1000
公交卡	gong jiao ka	1000
地铁站	di tie zhan	1000
公交站	gong jiao zhan	1000
单程票	dan cheng piao	1000
往返票	wang fan piao	1000
登机牌	deng ji pai	1000
航站楼	hang zhan lou	1000
取件	qu jian	1000
停车位	ting che wei	1000
退房	tui fang	1000
房卡	fang ka	1000
双人间	shuang ren jian	1000
单人间	dan ren jian	1000
创可贴	chuang ke tie	1000
消炎药	xiao yan yao	1000
嗓子疼	sang zi teng	1000
肚子疼	du zi teng	1000
杏鲍菇	xing bao gu	1000
食用油	shi yong you	1000
少糖	shao tang	1000
去冰	qu bing	1000
加冰	jia bing	1000
