一个	662424
真的	323108
都是	219122
好的	186948
你是	183737
不知道	183625
给你	161425
我就	143838
这是	141381
说的	101234
是啊	100279
我觉得	97857
我也是	97317
那你	97311
就好	93598
我在	92393
我想	86644
你在	79007
爱你	76883
一个人	75957
你要	74754
多了	74029
自己的	71979
我说	70070
是什么	69649
去了	67693
近地	67412
我去	66103
对啊	66004
让我	62655
你就	62635
中的	62165
来了	61817
看了	60843
那我	59420
那就	58924
我现在	58777
吃的	58559
基特峰	57240
你怎么	56144
也要	55036
跟你	55031
也想	54478
我看	54048
是在	53865
都有	53865
还要	53636
岁	52585
等你	52349
跟我	52088
去看	51975
你去	50727
要去	50680
也有	50019
上的	49399
人的	48885
一年	48411
我会	48199
买了	47336
和你	46763
不喜欢	46090
是一个	44843
木有	44824
年的	44455
这样的	44307
来的	43954
想吃	43836
买的	43735
喜欢你	43631
都在	43505
在一起	43197
我喜欢	43132
想你	42961
新年快乐	42532
早安	42137
喜欢的	42012
我已经	41791
等我	41270
第一次	41156
是谁	40495
你想	40180
你可以	40083
索科罗	40061
B站	40000
是真	39835
都要	39428
和我	39221
看的	39169
回来了	38931
有什么	38596
莱蒙山	38442
过了	38418
你不是	38264
让你	38085
在哪	37569
还能	37166
睡了	36998
巡天	36554
啥时候	36511
才是	36500
你家	36494
个月	35942
我好	35903
都没有	35336
我知道	35028
要不要	34952
说了	34915
做的	34879
在哪里	34747
知道你	33922
瘦了	33713
对的	33684
大的	33508
有个	33418
就会	33377
告诉我	33283
新的	33122
你吃	32915
我还是	32746
你会	32677
我就是	32407
你也是	32084
祝你	32032
就行	31278
去的	31142
等着	31085
就可以	30986
不一样	30942
我今天	30771
也可以	30485
走了	30481
找你	30468
应该是	30416
时区	30371
过的	30298
必须的	29770
怎么了	29687
也会	29470
他在	29413
可能是	29381
我真	29349
你真	29230
多的	29102
夏令时	29064
好吃的	29033
没看	28951
忘了	28856
会的	28854
不来	28628
亲爱的	28536
是因为	28526
对呀	28500
我给	28449
易烊千玺	28367
我一直	28291
家的	28069
你现在	27729
我吃	27723
上了	27680
你啊	27566
发现了	27548
于时	27446
我怎么	27329
因为我	27309
或旧	27265
我自己	27130
比我	27124
其实我	27071
看到你	26995
告诉你	26980
多人	26823
一样的	26790
想看	26631
我只	26239
看到了	26135
不爱	26013
我一个	25974
可以的	25779
有多	25744
看过	25701
一条	25538
不是我	25401
胖了	25372
被你	25292
我爱	25272
是要	25217
也觉得	25074
三个	25049
么么哒	25031
出来了	24971
大了	24817
不吃	24737
一颗	24693
你咋	24674
是有	24659
就去	24456
你是不是	24418
对我	24392
知道我	24392
好呀	24340
就在	24310
想说	24240
该国	24156
帮你	24119
林那	24069
一座	24053
我们的	23966
去吃	23771
哪有	23599
就知道	23598
玩的	23435
我以为	23409
一直在	23369
都能	23283
以为你	23223
觉得我	23130
知道了	23084
觉得你	23005
我没有	23002
比你	22941
帮我	22921
好看的	22919
拍的	22855
并没有	22853
我可以	22586
你这个	22582
里的	22573
想知道	22485
回家了	22454
就有	22431
长的	22404
是呀	22377
厉害了	22287
用的	22201
没睡	22195
现在的	22028
该地	21913
一只	21870
是吧	21847
一段	21845
可爱的	21739
你能	21715
要的	21535
是这样	21494
你知道	21482
饿了	21458
是真的	21452
你这么	21433
对你	21346
也没有	21248
我不是	21200
什么的	21194
出来的	21189
还会	21153
没吃	21138
不给	21081
想我	20947
年至	20843
我买	20797
他是	20719
主要是	20718
也好	20682
就想	20667
我啊	20622
找个	20583
我吗	20560
有一个	20423
但是我	20385
没去	20348
让人	20279
你给	20243
你什么	20226
就能	20039
很喜欢	20035
找我	20029
是啥	19929
我能	19862
不睡	19854
还以为	19836
很有	19670
快来	19626
号线	19567
说什么	19525
来吧	19508
挺好的	19403
都可以	19367
所以我	19223
美的	19033
人在	19029
去找	18924
在这	18873
到的	18857
能吃	18839
很棒	18784
加油加油	18757
要吃	18752
都好	18751
男的	18715
叫我	18710
还想	18683
帕洛马山	18583
快了	18495
一场	18400
重要的	18271
有时间	18176
去哪	18116
也就	18075
都说	18075
假的	18063
出了	17987
因为你	17915
也喜欢	17906
而该地	17904
你回来	17864
早上好	17838
来找	17828
就说	17747
最爱	17739
去吧	17685
北起	17635
想的	17619
我都是	17595
不过我	17564
做了	17509
不让	17467
人了	17349
我只是	17338
土豪	17327
是一种	17294
曾任	17277
好嘛	17273
不出来	17207
还真	17203
送你	17202
没想	17149
陪你	17115
你喜欢	17071
我吧	17035
后的	16935
到现在	16907
去哪里	16904
要来	16863
没看到	16846
玩了	16773
你还是	16730
说是	16669
你买	16608
点的	16536
想问	16519
是怎么	16477
可是我	16460
我妈	16451
就是你	16408
我感觉	16325
不看	16309
希望你	16304
没有啊	16234
你个	16226
我刚	16192
不同的	16115
阿尔	16111
最好的	16084
这句话	16049
最喜欢	15988
我看到	15910
晚了	15905
一起去	15872
够了	15810
我真的	15805
起来了	15791
又不是	15764
年后	15764
你真的	15741
年了	15685
为什么要	15672
没问题	15566
吃点	15563
我跟	15531
长了	15451
你觉得	15444
并于	15442
不上	15441
月台	15437
是最	15431
写的	15426
这么说	15399
也不是	15371
就是我	15369
会在	15353
喜欢我	15332
晚上好	15325
座标为	15322
我明天	15302
怎么会	15267
笑死	15265
爱的	15232
你懂	15185
行了	15153
来啊	15149
最大的	15010
哭了	15002
小仙女	14980
下的	14949
现在在	14942
好美	14939
不知道你	14934
带着	14879
发的	14875
在看	14827
你就是	14800
不是你	14794
这不是	14772
只想	14691
久了	14635
没说	14621
多吃	14557
说得	14497
换了	14484
给他	14461
可以去	14432
我也要	14431
你应该	14419
你做	14375
好么	14352
我带	14349
没啥	14349
你一个	14344
都想	14316
我也想	14284
是想	14283
幸福的	14281
我最近	14246
还是要	14244
太大	14200
下了	14192
没得	14179
问我	14138
开了	14113
他说	14085
还得	14077
它的	14066
不出	14044
鹿晗	14023
别人的	13926
维尔	13905
看出来	13894
让他	13858
在学校	13854
我怕	13852
回去了	13841
本来就	13724
小的	13707
再去	13697
叫你	13656
我最	13651
卢瓦尔省	13647
镇区	13564
开心的	13550
辛苦了	13511
你这样	13507
天文台	13393
也能	13382
好好看	13316
睡吧	13306
时候我	13260
好像是	13222
南至	13221
有啥	13218
昭和	13193
去买	13188
现在是	13175
不是说	13150
好喜欢	13138
日至	13116
我也有	13115
你爱	13112
知道的	13103
问你	13083
我昨天	13066
斯特	13058
最棒	13022
在想	13016
快去	12992
真爱	12971
早啊	12934
在说	12917
会是	12855
感觉你	12815
所以你	12813
多好	12761
发了	12747
送我	12747
卡尔	12736
没见过	12717
点了	12698
为什么我	12675
你居然	12645
醒了	12638
短发	12612
哪天	12590
能说	12503
可能会	12490
结婚了	12475
龙省	12416
是小	12414
是为了	12388
为你	12379
你最近	12375
好自己	12363
你已经	12339
情况下	12322
将其	12313
日起	12302
都快	12283
知道啊	12280
想买	12275
我玩	12262
在北京	12255
你玩	12251
很美	12227
确诊病例	12192
光绪	12177
这么早	12177
小哥哥	12169
都看	12168
和他	12139
打了	12133
才会	12127
以为是	12103
出去玩	12083
反正我	12079
我找	12067
买个	12064
好滴	12050
谢谢啦	12026
人是	12015
个好	12006
全是	11977
喜欢吃	11973
像你	11972
时的	11957
好帅	11951
我做	11910
用了	11870
不错的	11867
这么好	11847
这两天	11842
一人	11836
很开心	11812
该省	11795
有啊	11774
恭喜恭喜	11772
我对	11760
就没有	11750
你发	11742
阿尔卑斯	11725
来找我	11718
陪我	11714
怎么这么	11706
我们一起	11684
你俩	11658
你打	11640
注意安全	11619
也去	11613
你带	11606
没有人	11595
是好	11594
胖的	11589
睡的	11584
回学校	11573
掉了	11551
你为什么	11542
可爱了	11527
好人	11508
如果你	11500
原来你	11466
年在	11444
喝了	11442
穿的	11437
早点睡	11412
所有的	11394
早睡	11388
坏了	11386
知道是	11343
就看	11334
一顿	11316
只会	11278
你说的	11258
做好	11205
啥子	11199
你啦	11194
生于	11173
可以啊	11150
好大	11149
被我	11148
走的	11138
好好的	11133
我这个	11131
不胖	11129
注意身体	11115
懂的	11096
你啥	11092
要给	11080
在那	11047
作词	11043
都这么	11038
你这是	11034
美了	11019
兰西	11004
你今天	10971
好看了	10968
是自己	10964
想着	10946
怎么知道	10943
瘦的	10920
一定是	10896
意思是	10889
爱吃	10858
我打	10823
给自己	10812
你一样	10793
我一样	10792
有那么	10785
我们这	10767
不知道我	10739
肯定是	10735
可怜的	10717
不晓得	10644
要做	10641
王者	10633
就走	10608
怕是	10607
睡觉了	10586
哇塞	10564
就这样	10564
看得	10563
没那么	10561
伊利诺伊州	10542
两个人	10528
不开	10526
不睡觉	10514
就来	10514
就喜欢	10499
我们是	10477
羡慕你	10472
做什么	10465
还不是	10456
你最	10455
你快	10434
并不是	10432
马恩省	10426
好有	10422
好好休息	10419
这么大	10418
是滴	10407
神马	10404
我发现	10390
五年	10371
什么鬼	10353
不就	10345
点多	10311
放假了	10305
坐等	10280
是大	10252
你走	10246
咋了	10246
会去	10240
好点	10238
大佬	10221
冷了	10218
见了	10217
你吗	10212
打卡	10202
岁的	10201
都喜欢	10199
好累	10195
回来的	10194
没时间	10180
喜欢他	10167
不知道了	10163
不觉得	10157
上班了	10152
一个非	10147
回了	10146
你哦	10135
月至	10129
你一起	10122
被人	10122
在等	10103
你跟	10081
是对	10064
吃什么	10051
回复我	10035
天的	10035
换个	10026
要好好	9995
我用	9984
睡得	9983
你先	9969
才有	9964
才知道	9961
个小时	9953
就这么	9928
真好看	9926
偶遇	9919
这个是	9904
就觉得	9888
教区	9885
狗粮	9877
三十	9876
现在就	9859
可以有	9853
觉得自己	9851
过去了	9842
时候就	9823
美好的	9816
去玩	9810
小伙伴	9786
我记得	9783
生快	9773
把自己	9756
像我	9736
第十三届	9734
又去	9725
在外面	9713
去啊	9705
人啊	9696
嘉靖	9682
她是	9661
给你的	9648
就睡	9642
能看	9624
明明是	9622
原来是	9621
来啦	9621
你多	9614
好哒	9602
没毛病	9586
又有	9569
忍不	9554
不回	9549
要买	9542
是我们	9539
太可爱	9537
住了	9534
要在	9498
我大	9495
学校的	9469
有问题	9469
还是你	9464
一开始	9462
你那么	9447
可以了	9445
你别	9444
照顾好	9441
我先	9435
你比	9430
个小	9399
开心就	9389
都知道	9385
会说	9383
看到的	9378
会好	9364
不会有	9352
我朋友	9348
早点休息	9343
漂亮的	9340
一起加油	9336
天了	9313
没有了	9311
本书	9302
点半	9276
好漂亮	9271
这首歌	9269
还真的	9264
吃东西	9248
这么晚	9248
怎么可能	9241
剪了	9239
过几天	9217
只有我	9215
我爸	9206
不到了	9179
毕业了	9177
吃火锅	9169
就开始	9166
感冒了	9153
快回来	9152
长腿	9143
怕你	9112
你没有	9104
看见你	9095
有这么	9088
学霸	9078
我帮	9065
你以为	9044
对自己	9044
看到我	9041
广东省	9035
U盘	9000
就是这样	8996
还记得	8991
加利福尼亚州	8972
我给你	8968
不应该	8966
我什么	8965
你发现	8961
节日快乐	8951
高铁	8951
人说	8948
想多	8931
玩啊	8925
这话	8921
怎么说	8919
那就是	8915
一大	8893
一段时间	8868
我得	8862
很不错	8859
我呢	8838
她在	8830
什么啊	8827
会让	8812
人多	8809
就吃	8804
我一起	8793
好幸福	8780
让我们	8776
以前的	8774
很好吃	8757
好看啊	8739
又来	8722
不起来	8721
今天的	8713
谁说	8709
知道怎么	8680
您的	8676
摸头	8671
起来的	8669
你在哪	8665
不冷	8647
什么了	8629
六年	8625
好开心	8605
吃到	8603
你呀	8602
妹纸	8600
不好的	8595
还挺	8593
可以在	8585
做个	8581
好多人	8546
出现在	8542
其实是	8531
我这么	8521
我以前	8512
快乐啊	8503
三甲	8497
会更	8496
才发现	8486
说出来	8486
都觉得	8484
我好像	8474
睡着了	8471
也不错	8464
我之前	8464
一首	8459
穿了	8455
难道你	8445
要多	8427
不下去	8421
山东省	8421
我是不是	8421
真正的	8419
这段	8403
也看	8401
什么好	8392
克斯	8387
有木有	8380
纳州	8376
梦里	8362
想让	8358
给了	8351
都给	8337
也爱	8336
好羡慕	8332
花了	8309
你对	8304
来呀	8292
这张	8291
我不会	8286
疯了	8282
视星	8271
视星等	8271
看来你	8259
醉了	8256
怎么能	8253
长大了	8247
可以吗	8237
认识的	8223
总有	8221
加龙省	8220
海道	8204
咋样	8194
好呢	8189
工作了	8188
都不会	8188
在上海	8182
认识你	8180
意为	8175
可以看	8172
想了	8171
说呢	8171
榴莲	8170
上有	8168
我这里	8166
同款	8146
在哪儿	8144
变了	8134
打的	8122
然后就	8122
我每天	8118
棒了	8112
我回来	8107
好朋友	8102
吃个	8101
你得	8071
我吃饭	8068
我说的	8063
点就	8058
这颗	8057
存在的	8051
虽然我	8037
都吃	8032
又在	8018
地安	8016
也不会	8011
这部	8007
工作的	7997
吃啊	7994
听过	7983
平成	7976
能在	7963
能让	7943
无语	7931
我睡	7929
下雨了	7926
太美	7920
结束了	7920
此站	7910
要跟	7910
懂了	7906
你吧	7902
我觉得我	7899
我可能	7894
不叫	7884
什么呢	7882
不就是	7879
两种	7878
比较好	7868
我觉得你	7856
一波	7854
也得	7852
谁啊	7851
我也在	7850
跟他	7850
不小心	7846
这样啊	7844
我发	7838
那必须	7837
这条	7819
赤纬	7812
最棒的	7799
我不要	7781
这么快	7780
今天我	7777
很可爱	7777
认真的	7768
都不敢	7768
挺好看	7766
本作	7766
银纬	7761
银经	7759
都一样	7758
为赤经	7756
也这么	7735
就给	7729
我走	7729
我也会	7727
我懂	7727
笑死我	7727
我准备	7719
安德森	7702
说要	7691
它是	7690
都不要	7689
到底是	7683
快就	7680
这么久	7680
万元	7678
他就	7676
曾祖	7676
洛厄尔	7645
你竟然	7641
啥意思	7640
找到了	7636
明天就	7633
欢迎你	7631
没买	7628
台北市	7627
相信你	7625
我到	7623
然后我	7621
最帅	7598
辣么	7593
好快	7592
再看	7586
已经在	7586
不是一个	7585
我不知道	7585
随著	7560
你回	7556
本站	7553
没到	7552
小了	7550
哎呦	7529
加油啊	7528
也不要	7523
一圈	7516
上海市	7514
人和	7513
留着	7503
都不知道	7495
像是	7490
居民点	7490
人就	7489
浙江省	7487
能看到	7482
北京市	7475
没有我	7471
太累	7465
小冰	7460
玩手机	7459
吐槽	7451
你一定	7450
过去的	7440
台中	7438
让自己	7436
给她	7429
长时间	7429
就够	7423
帅了	7420
我从	7420
少吃	7419
发生了	7414
说啥	7413
在家里	7411
都不是	7402
在一个	7401
羡慕嫉妒	7399
看吧	7398
个赞	7397
我错了	7392
起了	7391
开心了	7369
我咋	7368
是哪个	7363
高了	7362
还是有	7361
咋办	7354
对他	7353
大学的	7349
你开心	7348
我一定	7346
也是我	7341
我请	7336
明天去	7335
也不知道	7334
西接	7330
人去	7320
时候你	7318
我更	7317
真棒	7312
时候回来	7304
想好	7301
今天是	7288
自己是	7287
彼得	7284
该国东	7283
你确定	7282
来个	7271
能给	7268
不跟	7266
超喜欢	7263
网友	7256
美丽的	7250
很重要	7248
部电影	7235
下午好	7233
叫什么	7232
星等	7224
心疼你	7222
没见	7221
不回来	7219
准备好	7219
支持你	7219
以为我	7208
一起的	7204
我猜	7201
这样说	7201
恭喜你	7196
那么大	7194
远了	7188
同一个	7173
很帅	7173
她说	7157
找了	7151
发现你	7145
大长腿	7145
确实是	7142
丢了	7139
卖萌	7139
出现了	7137
几号	7129
公转	7127
没有你	7126
我也好	7116
你可	7111
分手了	7106
摸摸头	7097
站在	7096
你穿	7091
一觉	7088
就得	7085
可以可以	7070
本来就是	7059
下雪了	7052
你瘦	7037
我可	7031
早了	7031
我这是	7025
抱着	7006
年轻的	7004
T恤	7000
太好看	6996
这辈子	6991
不过你	6985
我们学校	6975
奇葩	6965
可以吃	6963
在路上	6958
长胖	6956
人有	6948
我俩	6948
之子	6945
怎么看	6927
感觉我	6921
回来啦	6911
尔省	6911
爱了	6907
都是我	6905
自己去	6902
请问你	6881
时候来	6879
我不能	6865
那么好	6856
是这个	6855
下去了	6853
台地	6852
带了	6851
利牛	6843
要这么	6843
利牛斯	6842
比利牛	6841
不错啊	6840
我问	6827
不是啊	6821
对吧	6816
之前的	6812
始建于	6806
江苏省	6806
本线	6805
我还在	6801
自己做	6801
关键是	6788
简单的	6788
唯一的	6787
可以用	6786
而成	6786
都不能	6784
闺蜜	6778
哪里有	6774
秋裤	6771
你拍	6768
你换	6764
建于	6764
不买	6760
好厉害	6755
大赛	6754
我呀	6731
不听	6730
跑了	6730
一杯	6729
眼里	6727
不完	6724
去做	6723
如果是	6721
错过了	6721
好冷	6717
关注你	6714
均为	6714
开始了	6714
我还有	6713
你这种	6705
当然是	6692
会想	6688
更多的	6687
想哭	6686
你肯定	6685
我本来	6683
体长可达	6682
我只能	6678
你还有	6676
加油哦	6673
想找	6659
好嘞	6658
顺时针	6650
就别	6647
没看见	6647
吃饭了	6646
要了	6646
不给你	6645
也不能	6638
你用	6638
好多了	6631
也行	6630
气旋	6630
大晚上	6625
这个我	6625
是没有	6615
都去	6611
坐在	6604
很累	6604
要找	6588
所有人	6585
能做	6580
我也觉得	6574
会吧	6568
一起吃	6565
没来	6558
并将	6555
我多	6549
来玩	6547
如果我	6545
我相信	6544
被发现	6543
茵兰	6539
莱茵兰	6538
觉得是	6530
给我们	6529
利牛斯省	6517
天就	6517
我上	6517
我们在	6511
你回家	6510
喜欢看	6509
已经是	6508
不是在	6496
时候去	6492
男友	6491
给你们	6483
我回去	6482
只能说	6481
写了	6475
个大	6473
删了	6469
生活的	6465
那不是	6462
巴尔	6454
什么叫	6452
黑了	6448
也快	6442
里面的	6442
不告诉	6441
我比	6441
妈呀	6440
我以为你	6436
你一直	6427
吃啥	6414
怎么做	6412
一本	6406
我应该	6379
很漂亮	6378
这种人	6375
不爱你	6372
说这	6369
午安	6367
看啊	6366
德尔	6359
我快	6355
这个问题	6354
为什么你	6351
给我的	6350
奥克	6347
好饿	6345
主唱	6337
都这样	6336
想过	6328
行吧	6315
你要是	6309
我生日	6309
输了	6308
也是啊	6304
快乐哦	6301
一下吗	6297
也挺	6295
多啊	6288
可以给	6284
怎么就	6279
之类的	6277
这个可以	6276
尔茨州	6275
去哪儿	6272
现在我	6268
是最棒	6264
觉得好	6263
这么想	6262
我们就	6250
想跟	6243
我每次	6240
看看你	6240
笑了	6238
就是想	6237
你说我	6232
剪短	6227
一款	6225
不下来	6224
摩泽尔省	6224
有多少	6212
知道吗	6208
你让	6205
你找	6203
这样了	6199
让她	6194
第一天	6192
我爱你	6191
要走	6186
能帮	6185
第十二届	6179
等着你	6179
没啊	6169
玲	6169
太棒	6167
慢慢来	6164
好早	6162
店里	6157
最近的	6157
你不会	6153
在干嘛	6150
看就	6148
七年	6141
参议	6139
我天天	6132
就是这么	6130
努力的	6129
热了	6127
睡啊	6127
省道	6122
发现我	6115
就算了	6114
现在已经	6113
要带	6112
因为他	6110
听了	6107
大概是	6106
不是吧	6104
会给	6092
我老公	6091
多穿	6079
一支	6074
动车	6073
块钱	6069
也来	6067
估计是	6055
抢到	6046
不会的	6037
上法	6035
正常的	6033
这个人	6031
世界的	6030
很厉害	6025
好久了	6018
来吃	6016
学校了	6015
而且我	6003
多喝	6000
车上	5993
走起	5992
我早	5990
职棒	5985
我们去	5981
这也是	5979
我刚刚	5978
感觉自己	5977
最后的	5975
加油吧	5974
什么样的	5971
但是你	5968
这叫	5966
我听	5961
天哪	5958
一夜	5955
快乐呀	5953
不约	5950
又想	5944
恋爱了	5937
行啊	5936
电影的	5933
你干嘛	5926
没呢	5921
你吃饭	5919
该市	5916
怎么那么	5912
你问	5909
说自己	5908
就到	5907
还真是	5907
晚上的	5901
我心里	5896
就回来	5889
美啊	5887
你的人	5885
周末愉快	5883
去北京	5877
洛特	5877
下来了	5876
不走	5876
哪来	5876
刚开始	5872
安利	5872
哇哇	5866
会觉得	5863
就是个	5863
要让	5863
放了	5856
就不是	5854
名举	5851
就跟	5846
看见了	5846
难道不是	5846
马上就	5845
睡到	5844
女主	5842
里有	5842
人会	5836
我回家	5830
晚安啦	5830
时间的	5823
真有	5815
这点	5812
你送	5811
特急	5804
走到	5797
好难	5796
你到	5793
你是我	5790
好好吃	5783
打个	5783
斯基	5780
你不要	5778
有一种	5776
还是我	5774
人要	5773
你更	5773
忘记了	5767
知道什么	5763
话说你	5760
你真是	5758
我还要	5755
要用	5755
要这样	5753
这件	5752
就是要	5749
很高	5745
很容易	5741
可爱啊	5737
回家的	5729
就买	5729
就是啊	5729
我们要	5722
谁让	5722
总觉得	5718
记得我	5715
是哪里	5709
安徽省	5708
我回	5703
我穿	5694
特别喜欢	5692
你请	5689
惨了	5689
吃得	5680
我送	5678
布拉	5677
换手机	5672
一晚上	5666
要想	5663
吃吧	5657
福建省	5656
部副	5651
就不会	5647
我的人	5645
小白	5644
所以说	5637
你不知道	5633
没怎么	5631
嫉妒恨	5629
什么情况	5621
没有没有	5620
狗子	5617
到家了	5614
骂你	5612
三观	5611
我叫	5608
我比较	5608
战队	5594
不能吃	5585
拉斯	5585
拍了	5585
还早	5582
看完了	5580
我们这里	5578
该怎么	5575
没发现	5574
四川省	5572
我也没有	5571
牙语	5570
太高	5568
喜欢她	5566
不急	5564
不哭	5563
要上班	5554
久没	5549
好就	5545
放弃了	5544
一期	5543
第二个	5543
说一句	5541
想给	5536
做朋友	5535
毛不易	5535
今天去	5534
两张	5527
帅啊	5517
太小	5505
一趟	5503
会做	5503
快到	5498
他有	5495
关注我	5491
很爱	5489
我么	5482
小姑娘	5477
东临	5472
你敢	5470
一起了	5468
就更	5461
还是会	5461
我为什么	5459
感受到	5454
还以为你	5453
这么好看	5453
曾于	5450
一路顺风	5447
每一个	5445
肯定会	5443
在广州	5435
你大	5432
手机了	5432
生了	5427
是可以	5426
没找到	5424
身边的	5422
问题是	5419
哪里啊	5416
不给我	5415
不知道啊	5406
吃好吃	5403
未来的	5398
岁时	5395
我家的	5395
你终于	5394
詹姆斯	5392
一般的	5388
一个小	5387
主事	5387
可能的	5386
吃多	5383
就当	5383
里亚	5376
厉害的	5372
没在	5367
要等	5364
记得你	5364
维莱	5360
孩子的	5359
问题的	5352
升格	5350
打麻将	5349
段子	5349
出去了	5342
幸福啊	5342
快睡	5342
一下就	5339
感觉好	5330
适合你	5330
舍友	5327
句话	5326
人吗	5325
你不懂	5325
不高	5319
亨利	5318
两位	5317
很像	5315
剪头发	5311
这周	5311
就对	5310
扎心了	5310
个字	5307
县知县	5305
就不要	5303
准备去	5298
也一样	5295
特里	5295
来嘛	5294
那个是	5291
就怕	5290
我瘦	5290
很幸福	5286
明天我	5279
你讲	5272
他会	5271
上班的	5268
点吧	5268
夏朗德省	5267
晚睡	5265
都是你	5261
一个小时	5260
好巧	5257
我以后	5255
就好了	5251
不穿	5248
太少	5246
你睡	5245
怎么啦	5245
人都是	5242
那么早	5240
自己喜欢	5238
湖北省	5237
话就	5235
大姨妈	5232
喜欢就	5229
我看看	5227
自己想	5226
很正常	5225
床上	5220
这么可爱	5216
知道有	5214
台中市	5212
知道自己	5212
这个世界	5212
玩游戏	5207
好看吗	5206
苏维埃	5205
八年	5203
安德	5202
你给我	5200
你过	5200
来给	5199
我胖	5198
觉得他	5192
相信我	5190
一直是	5187
好哦	5186
开心啊	5186
加了	5185
就让	5184
一脸	5183
说明你	5183
义大	5179
飘过	5176
大啊	5173
太冷	5172
就不知道	5169
冷啊	5168
特别的	5168
中了	5163
不好了	5161
基友	5161
素颜	5161
可以做	5159
第一张	5159
薛之谦	5155
你到底	5154
我连	5153
剧集	5148
路段	5145
我昨晚	5142
是一个人	5142
回来啊	5138
拉夫	5136
很冷	5131
就是在	5130
很长	5128
过两天	5128
一枚	5121
在这个	5121
太有	5120
好长	5120
会啊	5119
你们是	5119
不是有	5118
孩纸	5118
没必要	5117
一集	5113
我希望	5109
不上班	5103
有人说	5103
好吃吗	5102
没事没事	5102
人看	5101
吃好	5100
你不能	5098
考了	5095
会来	5092
我拍	5091
不一样的	5089
太帅	5089
我要是	5086
我过	5086
是我的	5082
会一直	5079
真美	5073
塔尼	5069
谢啦	5069
两点	5063
合适的	5063
在宿舍	5062
人来	5053
罗讷	5048
时间了	5039
太热	5038
议席	5035
嘤嘤	5032
时候能	5032
怕我	5031
喜欢这个	5028
去看看	5027
久没见	5023
明白了	5022
哇哦	5020
周杰伦	5019
我们会	5017
还有一个	5017
要什么	5013
雾霾	5012
那么久	5010
能去	5006
不早	5004
热死	5004
A股	5000
好几天	4997
主打	4995
朋友的	4995
不知道是	4994
你叫	4992
去医院	4992
回来吧	4992
怎么可以	4990
一直以为	4989
下来的	4987
我从来	4984
没事的	4984
玩吗	4980
希望能	4975
你好好	4974
州刺史	4970
哪里的	4966
就已经	4966
已经有	4966
难吃	4966
知道他	4962
心累	4961
不打	4959
说啊	4959
成功的	4957
想睡	4956
太晚	4955
个屁	4953
我在家	4951
不找	4949
斯塔	4946
洋气	4944
都好看	4944
两条	4942
不喜欢你	4941
都行	4940
我陪	4938
什么东西	4936
太难	4931
就回	4931
听着	4930
咋这么	4925
想听	4924
这款	4924
去上海	4923
就问	4922
我男朋友	4922
张照片	4917
你男朋友	4913
我嘛	4912
看来我	4910
丁目	4908
有两个	4906
没带	4903
超好看	4903
好好玩	4896
我们这边	4894
傲娇	4889
你说你	4888
不想要	4887
云南省	4887
五月天	4887
有这个	4885
我啦	4883
没有任何	4882
在床上	4879
走吧	4874
已被	4868
要结婚	4868
要睡	4866
还是喜欢	4866
长肉	4863
安好	4861
只要你	4857
瓦多	4857
你看看	4855
千玺	4850
专业的	4848
可以买	4844
你还在	4840
很久了	4839
一下你	4838
我这种	4831
没有啦	4830
不是要	4828
要加油	4828
过来的	4828
你胖	4826
还小	4823
失眠了	4822
一下我	4821
真想	4821
吓到	4818
试过	4814
问一下	4812
我可是	4811
不累	4807
多喝水	4805
过一次	4799
多点	4798
是你的	4794
太多了	4790
你看到	4789
太喜欢	4789
一小	4788
喜欢了	4786
站至	4786
谁了	4786
一个多	4784
知道啦	4784
我哪	4779
还有我	4777
好东西	4775
小哥	4775
最爱的	4775
特别好	4771
打游戏	4770
能帮我	4770
我要去	4768
你该	4767
人真	4766
我认识	4765
难道是	4763
优秀的	4761
我肯定	4761
不喜欢的	4758
好烦	4753
最近在	4751
小凯	4746
不错了	4742
我也就	4739
别闹	4738
没给	4737
最美的	4734
别想	4730
我想要	4730
睡觉的	4730
啥了	4726
看这	4725
塞尔	4722
别这样	4720
到最后	4717
吃辣	4716
岛上	4713
结婚的	4712
莱茵省	4712
茵省	4709
聚落	4703
库尔	4702
实在是	4701
高雄市	4700
明天要	4698
骂我	4698
知道呢	4697
你还好	4696
巴伐利亚	4696
去啦	4695
我也喜欢	4695
需要的	4688
前两天	4685
升任	4684
猫咪	4682
我去了	4681
就不能	4678
好可怜	4676
还去	4676
变成了	4673
我该	4673
如果有	4672
那张	4671
问了	4670
群里	4668
都得	4668
太久	4666
是这样的	4666
河北省	4665
我一般	4664
你以后	4663
只有你	4663
好几个	4660
新阿	4660
还用	4660
一辆	4659
先去	4657
觉得这	4657
希望我	4654
好好照顾	4653
你喝	4651
仅有	4650
你每天	4650
多月	4649
作为一个	4647
个人的	4645
我饿	4643
你需要	4641
你明天	4638
丽江	4637
真的是	4631
中午好	4628
挺多	4628
他家	4627
又开始	4624
我喜欢你	4624
以后就	4622
这家	4622
可以试	4620
搞得	4620
你也要	4619
你可能	4618
头发了	4612
波尔	4611
看有	4611
圣诞快乐	4610
美美的	4609
一瓶	4608
只是想	4608
养了	4606
不过是	4605
应该会	4601
下次我	4599
不玩	4598
差不多了	4598
这么觉得	4598
很好的	4597
可是你	4596
有好多	4595
爱你的	4595
也对	4594
有自己	4593
这么多年	4593
坦大	4589
想死	4586
我同学	4581
一直想	4578
基坦大	4575
阿基坦大	4575
去学校	4574
坦大区	4574
就不用	4571
我手机	4571
要回	4571
该片	4570
杨幂	4566
这么美	4566
我不懂	4565
要开心	4565
都已经	4565
新阿基	4562
自己了	4562
吃完了	4561
开个	4559
那么晚	4557
两只	4553
也是这样	4552
会告诉	4552
跑去	4545
也吃	4544
困了	4543
有男朋友	4543
你好像	4541
关注了	4541
还是可以	4537
北京的	4535
累啊	4515
吃吗	4512
就这	4512
一起来	4511
出战	4511
时候的	4511
不发	4505
好心情	4503
吃饱了	4501
斯省	4497
你天天	4496
我经常	4495
突然想	4495
米尔	4495
那好	4494
没有的	4493
蛮好	4493
以后我	4492
傻了	4492
是不是要	4489
是必须	4489
渣男	4488
你的时候	4487
卖了	4485
原来的	4482
大头	4482
亚目	4480
注意保暖	4479
九年	4476
就叫	4472
不想吃	4468
现在好	4468
陪着	4466
很早	4465
我说我	4464
忙了	4463
追星	4463
快乐的	4462
遇到了	4461
怕了	4459
今天就	4458
这是我	4456
我估计	4454
我喜欢的	4453
是这么	4447
会儿	4446
过来了	4446
今天晚上	4445
重点是	4444
最可爱	4441
玩吧	4439
你老公	4437
要幸福	4437
蒙特	4432
不错哦	4427
跨年	4427
收了	4422
点好	4421
你哈	4420
你上	4419
幸福了	4419
讲真	4417
后就	4412
必须要	4410
享年	4409
更有	4409
再给	4408
我下	4408
才看到	4403
类型的	4403
开开心	4401
男主	4400
就回去	4398
开心心	4393
期待你	4385
他俩	4383
我晚上	4383
老师的	4383
一到	4382
我姐	4377
也说	4374
收到了	4374
可不可以	4367
爱他	4365
你当	4364
知道该	4362
说吧	4362
要减肥	4361
但还是	4356
本来想	4356
吃饭的	4353
事了	4352
到啊	4350
夫勒省	4350
真羡慕	4350
你们在	4344
太早	4342
活在	4342
啥啊	4341
我哥	4340
很忙	4339
在我们	4338
做过	4337
我身边	4337
动了	4336
直隶	4333
东北人	4330
我写	4328
你么	4327
我不管	4327
个星期	4326
台南	4326
时候有	4326
我当时	4325
我想吃	4324
我需要	4324
也买	4323
那我们	4322
达尔	4320
不回家	4319
天呐	4318
是最好	4318
看电视	4315
小龙虾	4314
会说话	4313
要到	4313
分了	4312
就该	4309
我有点	4307
会用	4306
照顾自己	4304
原谅我	4303
以后的	4301
年多	4299
去旅游	4298
我喝	4297
休息吧	4295
回来就	4294
点啊	4294
我自己的	4293
吐了	4292
就一直	4292
改了	4292
你过来	4291
家了	4290
早日康复	4290
岂不是	4282
不掉	4281
亚历山大	4280
还不够	4277
穿点	4276
超爱	4275
都买	4271
好哇	4269
人呢	4262
不行啊	4260
多看	4259
你好久	4258
等下	4258
坐着	4257
佛罗里达州	4256
到大	4248
可以说是	4247
还需要	4247
你帮	4244
拉肚子	4241
局局长	4240
要啊	4240
你们那	4239
我点	4239
我想你	4238
在网上	4237
太瘦	4236
想回家	4234
不长	4232
超级喜欢	4232
生病了	4231
原来如此	4228
为啥我	4227
我小	4227
半长轴为	4226
矮油	4225
我是你	4224
就是这个	4223
十斤	4222
尔斯	4220
就是因为	4220
剩下的	4217
加哥	4217
我一下	4217
看你们	4217
过分了	4217
韦尔	4217
都爱	4216
维埃纳省	4215
节快乐	4215
你哟	4214
美美哒	4214
一颗绕	4212
颗绕	4212
放心了	4209
下次去	4207
西里	4206
这事	4205
不让我	4204
中秋快乐	4202
德拉	4199
你也有	4198
在哪个	4198
后面的	4196
设于	4195
为自己	4193
什么呀	4192
你美	4191
到哪	4190
快啊	4185
你上去	4182
定了	4180
更喜欢	4180
开学了	4179
共勉	4178
一回	4177
时间去	4177
说到	4176
福德	4175
这个时候	4174
我的是	4172
吃就	4170
超可爱	4170
可惜了	4161
布里	4157
谁是	4157
以后会	4155
你写	4155
你加油	4154
想啊	4154
时候会	4153
睡前	4153
要回来	4151
我想问	4150
果然是	4148
跟她	4146
我决定	4145
来我们	4138
为什么会	4136
找一下	4136
所谓的	4135
北方人	4134
我笑	4132
干嘛呢	4130
见到你	4130
私聊	4128
没做	4126
信了	4124
卢瓦尔河	4124
还是在	4124
你说话	4122
一岁	4121
过啊	4120
也好看	4119
抱住	4119
要换	4118
谁能	4118
跟谁	4117
也可能	4115
在自己	4115
睡啦	4112
让他们	4111
哪里买	4108
还是想	4107
好热	4099
成这样	4099
玩得	4098
最后一个	4097
你还要	4096
我只有	4095
是那个	4094
智齿	4093
能告诉	4093
斯顿	4092
之处	4091
你点	4090
我拿	4089
我竟然	4089
没有那么	4084
不出去	4083
克里	4083
格尔	4082
可以来	4077
有本事	4077
要怎么	4077
你那个	4076
请吃饭	4075
来晚	4074
这么长	4074
都那么	4071
无聊的	4070
自己在	4069
多少人	4068
罗伯特	4066
敢不敢	4063
看着你	4061
我上次	4060
认识了	4059
这两个	4058
自己说	4054
翻了	4051
减肥了	4049
你赢了	4046
索尼	4046
县非	4045
咋啦	4045
其实你	4042
上班啊	4041
你厉害	4039
对哦	4037
有故事	4037
不热	4035
现在有	4035
我愿意	4033
喜欢一个	4032
要打	4031
千万别	4029
噻	4029
生气了	4028
认识我	4025
凭什么	4024
喝点	4024
拍照的	4021
然而我	4020
就放心	4019
来北京	4019
里斯	4019
只看	4018
也是这么	4011
可以考虑	4011
我换	4010
是你们	4009
委副	4008
善良的	4003
带个	4003
D盘	4000
我居然	4000
也挺好	3997
都会有	3997
格林	3996
洗了	3996
熟悉的	3995
对着	3994
手上	3994
纲鲈	3992
纲鲈形	3992
鱼纲鲈	3992
鱼纲鲈形	3992
你们家	3989
我还能	3988
我正在	3986
时候是	3985
一根	3984
就找	3984
找一个	3984
勃艮第	3983
经历了	3983
会变	3981
这有	3981
回家啦	3978
我看见	3976
还蛮	3975
一点的	3974
失去了	3973
你怎么了	3969
你长	3965
一刻	3964
你最美	3961
加个	3961
就应该	3961
棒啊	3961
去睡	3957
可惜我	3956
开始的	3956
给别人	3954
可能我	3952
老哥	3951
发个	3950
就服	3950
看什么	3949
只知道	3945
约起来	3945
普拉	3943
我一直在	3941
好萌	3940
我马上	3939
大理	3938
最重要的	3936
日治	3935
自己买	3934
丑了	3933
衣服的	3933
听说你	3929
故事的	3929
没好	3928
不了解	3924
我飞	3923
真实的	3923
我不敢	3922
旁边的	3922
在深圳	3918
一想	3915
不是因为	3911
我老	3911
时候回	3910
陕西省	3909
人吃	3908
不谢	3907
我这边	3907
咋个	3905
几张	3903
就是就是	3901
民籍	3901
走啊	3901
那就好	3900
买点	3899
不想去	3896
哪里了	3894
没穿	3894
为我	3887
心丢	3886
你说了	3883
时间就	3883
故意的	3880
本片	3880
现为	3879
成功了	3877
给个	3874
要一起	3874
山西省	3873
翻牌	3871
回去的	3870
就是好	3870
同乐同乐	3869
都用	3869
一起看	3868
就看到	3868
搬砖	3868
关晓彤	3867
就是了	3866
开心吗	3866
科夫	3865
第二张	3865
同样的	3863
有惊喜	3863
不见你	3862
过完	3859
看你的	3857
赞了	3857
中海	3855
要穿	3855
我咯	3853
大实话	3850
早说	3849
想换	3848
这人	3847
啥样	3846
腹肌	3845
官至	3844
做一个	3841
先把	3840
只有一个	3839
谁让你	3839
反正你	3837
要回家	3837
你变	3832
你是什么	3831
带点	3831
那家	3829
我们可以	3827
赞一个	3826
可怕的	3825
在上班	3823
才行	3823
差评	3818
也知道	3817
要吗	3817
参政	3815
好几次	3815
新歌	3815
能买	3814
湖南省	3813
我让	3812
挺喜欢	3810
都比	3810
一斤	3809
拿去	3807
没注意	3805
一定的	3802
脸大	3801
难了	3800
一样了	3799
手机壳	3799
应该有	3797
因为有	3796
到哪里	3794
想回	3793
可以找	3792
心丢了	3789
新设	3789
一笑	3788
超美	3788
去给	3787
学弟	3787
有女朋友	3785
就是一个	3782
都对	3782
你头像	3781
小时的	3781
哪家	3779
我最爱	3779
还有什么	3779
新北	3772
默默的	3772
我想去	3771
不喝	3770
贵了	3770
对她	3768
然后你	3768
那还是	3767
原画	3765
那个时候	3764
金曲	3764
想起了	3762
自己好	3762
奥弗涅	3761
开播	3760
更美	3760
像个	3759
萨克	3755
都不好	3755
多涅省	3753
是最棒的	3752
服了	3752
小清新	3751
酱紫	3748
克罗	3747
烦死	3747
还有人	3746
高于	3746
前男友	3745
睡一觉	3745
被打	3744
就行了	3743
红色的	3741
拿了	3739
一个字	3737
可以换	3737
东西了	3736
没过	3736
活了	3736
甘肃省	3736
还吃	3736
挂了	3735
你心里	3734
目测	3733
那么快	3733
别人说	3732
那位	3732
印第安纳州	3731
荷尔	3728
一哈	3727
一样啊	3724
你听	3721
失恋了	3719
我爸妈	3715
一秒	3714
你为啥	3713
大家都是	3713
想在	3711
所以就	3710
你身边	3709
前男	3709
断了	3709
笑死了	3709
那会	3708
不能说	3706
就等	3705
真幸福	3705
容易啊	3704
年前的	3704
那只	3704
吃晚饭	3702
心情好	3702
我看你	3700
我不想	3698
求带	3697
跑到	3697
会就	3694
一家人	3693
最好看	3692
这样我	3692
啥事	3690
这里的	3690
每天都是	3688
注意休息	3686
毁了	3684
几个人	3682
我打算	3682
睡觉吧	3682
瘦子	3681
强迫症	3680
威斯	3675
没有呢	3675
也不好	3674
好无聊	3674
过吗	3674
喜欢上	3670
家有	3670
还没看	3670
我啥	3669
你头发	3668
屋里	3668
点个赞	3665
去试	3664
好吃了	3664
个饭	3663
好难过	3662
摔了	3662
人就是	3661
会了	3659
自己就	3656
都不想	3655
再多	3654
就多	3654
看这个	3653
神社	3653
啥好	3650
感觉是	3648
也好想	3647
你试	3647
部剧	3646
我小时候	3644
不过来	3643
辽宁省	3643
来就	3642
我突然	3640
是一样	3640
里面有	3639
不是的	3637
转为	3637
你们学校	3636
知道这	3636
我跟你	3635
会这么	3634
已经开始	3634
早呀	3634
一下吧	3632
减肥的	3632
我这样	3631
冷吗	3630
还这么	3630
不然我	3629
怎么样了	3629
会吃	3628
没有去	3627
大家的	3626
好的人	3626
灏明	3624
不疼	3622
才开始	3622
也这样	3617
吃饺子	3617
多啦	3617
我今年	3617
普罗旺斯	3617
罗旺斯	3617
赶脚	3617
不放	3615
明儿	3615
石勒	3615
不送	3611
有趣的	3609
简直是	3606
那要	3606
辐鳍鱼纲	3605
别说了	3604
可真	3604
好困	3604
个什么	3603
给人	3603
球季	3601
都睡	3600
说话了	3598
都穿	3598
要开	3597
水军	3596
我去看	3594
钱啊	3594
黑色的	3593
你去了	3592
好期待	3592
能理解	3592
会看	3588
你准备	3585
一个大	3584
起啊	3584
喜欢这	3583
还不知道	3583
我哦	3582
也是哦	3581
家店	3579
公演	3577
要不你	3577
也不想	3576
你家的	3576
开始就	3576
有这种	3576
江西省	3576
前排	3574
只猫	3571
快乐哈	3570
来找你	3569
很多的	3566
还有你	3565
这段时间	3565
我们都是	3564
问题了	3564
回来我	3563
有对象	3563
几天了	3562
太可怕	3562
传说中的	3561
这个词	3561
碎了	3560
问下	3560
年就	3559
去看你	3558
肿么了	3553
会有人	3552
漂亮了	3552
没能	3550
首张	3549
要开始	3548
推荐的	3546
都不用	3546
会这样	3545
一跳	3542
也希望	3541
那段	3541
孟加拉	3538
再吃	3536
都来	3535
信你	3534
只吃	3533
想问一下	3533
都是在	3533
过好	3531
多就	3530
最讨厌	3530
辛苦啦	3530
你老	3526
手机的	3522
那你是	3522
弗里	3521
过年的	3521
欺负我	3519
之后就	3518
布列塔尼	3515
一晚	3513
还年轻	3512
多吗	3510
荷尔斯	3510
一直都是	3509
超好	3509
你生日	3508
是有点	3508
不是吗	3507
喝多	3507
急行	3507
一个好	3506
县镇区	3506
没回	3506
想打	3505
你爸	3504
一个人的	3503
愉快的	3503
我告诉	3502
我说你	3501
格里	3501
剧中	3500
你认识	3499
可能要	3499
鲜肉	3498
突然觉得	3497
是因为我	3496
辣鸡	3495
卡斯蒂利	3494
我并	3494
没有看	3494
这只	3494
要给你	3493
很热	3492
东西的	3491
一点点	3490
我看了	3488
走就	3488
家里的	3485
被骗	3484
这种情况	3483
都过	3482
更好看	3481
什么关系	3480
怎么感觉	3480
有感觉	3480
一发	3479
巴拉	3479
完美的	3476
离开了	3475
考试了	3475
丑科	3474
真可爱	3473
还是觉得	3473
一切顺利	3472
会发现	3470
王者荣耀	3467
咋滴	3466
太丑	3464
节课	3464
话说我	3463
没课	3462
杀了	3460
什么牌子	3459
用什么	3456
看脸	3455
你信	3454
也给	3452
羡慕你们	3452
凉了	3451
很近	3451
之战	3450
可怕了	3450
她就	3450
戴眼镜	3450
机会的	3450
说有	3447
韩剧	3447
买什么	3446
孔泰	3445
便宜的	3444
就成	3444
弗朗什	3444
也算	3443
可以让	3443
哪去	3443
我就要	3443
苏益格	3440
病了	3439
一米	3438
我心	3438
你看你	3436
快乐快乐	3436
还好吧	3436
里了	3431
爱过	3430
去吗	3429
好吃啊	3429
关注的	3428
谢尔省	3428
等会	3427
这样就	3425
关了	3424
到这	3424
要考	3424
国铁	3423
爱自己	3423
多想	3422
停了	3421
我那么	3421
你要不要	3418
去哪了	3416
会玩	3415
好听的	3415
你来了	3413
你拿	3410
看下	3406
桑心	3404
人好	3401
起床了	3401
能找到	3400
好怕	3399
十个	3398
说话的	3397
这个点	3397
这是你	3395
月任	3394
要相信	3393
你养	3391
你嘛	3390
但因	3389
尼古拉	3389
累死了	3389
要哭	3389
天津市	3386
没机会	3385
需要你	3385
亮了	3383
不错不错	3380
勾搭	3380
联系我	3380
没发	3375
不饿	3370
你回来了	3368
个朋友	3367
没感觉	3367
种事	3366
太厉害	3365
还是挺	3363
过年了	3362
啥呢	3361
嘉庆	3361
学车	3361
小心点	3361
离家	3358
我们班	3357
想他	3356
还是个	3356
去看了	3355
跟鞋	3355
年纪大	3354
我以为是	3354
大家一起	3352
人一起	3350
炸了	3350
我下午	3348
就那么	3347
黑龙江省	3347
习惯了	3346
北方的	3346
看来是	3345
被骂	3345
一起走	3343
休息了	3342
新城	3342
肯定的	3341
要上	3341
大脸	3340
用吗	3337
张单曲	3336
站着	3336
下次来	3335
因为是	3335
要对	3333
图尔	3331
进了	3331
觉得这个	3330
去睡觉	3329
等着我	3329
人能	3328
一站	3326
没有想	3326
可以一起	3325
太差	3324
是非常	3322
毕竟我	3321
自己有	3321
没觉得	3320
想就	3319
是别人	3319
单反	3318
送给你	3317
不过还是	3315
去上班	3314
就一个	3314
白色的	3311
真多	3309
那年	3308
你告诉	3306
到自己	3306
夜猫子	3306
好地方	3306
可以带	3305
很瘦	3305
差了	3303
要自己	3303
迪亚	3303
问一句	3303
想问问	3301
不晚	3297
没听过	3296
人家是	3294
也不用	3293
你学	3292
会努力	3291
我真是	3291
比较多	3291
你从	3289
二叔	3285
多年的	3285
多高	3282
谁叫	3281
要请	3280
那怎么	3280
时间过	3279
买过	3277
想喝	3277
没这么	3277
这种感觉	3277
名古屋	3276
我今晚	3275
该党	3275
你那里	3274
使其	3274
六级	3273
斯泰因州	3272
泰因州	3272
嗷嗷	3271
维多	3270
瘦下来	3269
吉林省	3267
在武汉	3267
毕业的	3267
刚到	3266
我们有	3266
继续努力	3266
分分钟	3265
意思啊	3265
你朋友	3264
很高兴	3264
人家的	3261
我个	3260
亚州	3259
单纯的	3258
真快	3258
好多年	3256
高啊	3255
要告诉	3254
那样的	3252
下就	3251
胜出	3251
我倒是	3249
永远是	3249
好瘦	3246
退了	3246
出门了	3244
还不能	3243
伊尔	3242
你看了	3240
南方的	3240
热带风暴	3240
一般般	3239
你哪	3239
头发长	3234
我忘了	3234
月升	3230
自己一个	3230
打完	3229
我表示	3228
相信自己	3227
也睡	3225
殿试	3225
一下午	3223
一副	3223
所以要	3223
想到了	3222
一首歌	3221
怎么去	3221
牌子的	3221
史密斯	3220
算什么	3220
难道我	3220
睡好	3219
羡慕啊	3218
你永远	3215
洗洗睡	3215
站房	3215
还有个	3214
你爱你	3212
考完试	3211
让别人	3211
说这个	3211
就直接	3210
我来了	3210
经历过	3209
这东西	3209
来接	3205
爆了	3205
那也是	3204
给钱	3202
并止于	3201
下学期	3200
没有看到	3200
短了	3200
说我们	3200
人觉得	3199
晒黑	3199
有点小	3198
你们这些	3196
高富帅	3196
整个人	3195
好贵	3190
并无	3189
那有	3189
完就	3188
他们说	3185
厉害啊	3185
我特别	3185
就是有	3184
就真	3183
要继续	3182
售票	3181
安慰我	3179
你要去	3178
欢迎来	3178
普通的	3177
绝对是	3177
贝格	3177
就差	3176
瞎了	3176
肥了	3176
能睡	3176
为啥要	3175
回复你	3174
棉袄	3174
现在想	3174
不回去	3169
做得	3169
希望他	3169
我都要	3166
找他	3166
钱了	3166
多伦	3164
我试	3163
会打	3162
很明显	3162
温暖的	3162
这么有	3162
北京了	3160
在心里	3160
你结婚	3159
突然发现	3159
洗睡	3158
该校	3157
买衣服	3156
人吧	3156
都做	3156
多小时	3155
就是喜欢	3155
我想到	3155
有关系	3154
两个字	3153
我介绍	3153
这个名字	3153
喜欢这种	3152
这种事	3151
嫌弃我	3149
今天你	3148
这些人	3147
他去	3144
身体啊	3142
不代表	3140
来过	3140
开空调	3139
一天的	3138
对呀对呀	3138
扔了	3138
都找	3138
在重庆	3137
心好	3137
你长得	3136
可以看到	3135
很难过	3135
有这样	3134
那叫	3134
厉害厉害	3133
恋爱的	3133
换头像	3133
养狗	3132
开心点	3132
能这么	3132
叫啥	3131
台南市	3130
什么我	3129
卢瓦省	3129
看呢	3129
晚上吃	3128
是匈牙利	3127
东区	3126
我信	3126
我们宿舍	3125
很难受	3123
满了	3123
转任	3122
就只有	3120
咋地	3119
家狗	3119
是匈牙	3119
起来就	3118
尴尬了	3117
火了	3117
身体好	3116
有眼光	3114
真会	3114
以后你	3112
一样一样	3111
伍德	3111
我买了	3111
林更新	3111
给你说	3111
化了	3110
我讲	3110
超好吃	3110
西湖	3107
还看	3107
多钱	3106
能接受	3106
我哈	3105
政治部	3105
你开	3104
我其实	3104
我妈妈	3103
肯定有	3103
要过	3103
讷省	3103
你女朋友	3102
换吗	3102
没有在	3102
好久没见	3101
晚上就	3100
还有点	3099
记得了	3097
在南京	3096
知道就	3096
分镜	3095
上海的	3094
不吃饭	3094
骗了	3093
天气好	3092
罗德	3092
名举人	3091
看看我	3089
东临上	3088
好辛苦	3088
下雨天	3086
生活中	3086
穿短袖	3086
开玩笑的	3085
还是那么	3085
特别想	3084
两个小时	3083
去呢	3083
好小	3082
看见我	3080
会越来越	3078
